"","potID","treatment","moistureL","whc","replicate","MWD","no_poll"
"1",1,"Surfactant",8,55,"a",1.020757785,"1"
"2",2,"Surfactant",12,35,"c",0.678911215,"1"
"3",3,"Surfactant",3,80,"b",1.103846014,"1"
"4",4,"µPlastic",9,50,"c",0.8276279461,"1"
"5",5,"µPlastic",7,60,"a",1.186751724,"1"
"6",6,"Salinity",11,40,"b",0.6850470383,"1"
"7",7,"Salinity",3,80,"b",1.134652015,"1"
"8",8,"Copper",3,80,"a",1.054707668,"1"
"9",9,"Ctrl",15,20,"b",0.6493088235,"0"
"10",10,"Copper",13,30,"b",0.5777794613,"1"
"11",11,"Surfactant",14,25,"c",0.6005017007,"1"
"12",12,"All_in",2,85,"a",0.9485663082,"5"
"13",13,"Surfactant",5,70,"a",1.07026259,"1"
"14",14,"Salinity",9,50,"c",0.8480162455,"1"
"15",15,"µPlastic",1,90,"c",0.8451660517,"1"
"16",16,"All_in",14,25,"a",0.6023047138,"5"
"17",17,"Copper",10,45,"a",0.688790378,"1"
"18",18,"Surfactant",1,90,"c",1.061671004,"1"
"19",19,"Copper",9,50,"c",0.8139616788,"1"
"20",20,"Ctrl",4,75,"b",0.3922974138,"0"
"21",21,"Nitrogen",14,25,"c",0.701505137,"1"
"22",22,"Salinity",14,25,"b",0.5278605442,"1"
"23",23,"Nitrogen",7,60,"a",0.9684395018,"1"
"24",24,"Nitrogen",4,75,"b",0.997130742,"1"
"25",25,"Copper",2,85,"a",1.059729927,"1"
"26",26,"Nitrogen",9,50,"b",1.073873288,"1"
"27",27,"Ctrl",3,80,"b",0.4726594828,"0"
"28",28,"Copper",7,60,"c",1.294066308,"1"
"29",29,"Surfactant",2,85,"c",1.181181818,"1"
"30",30,"Nitrogen",1,90,"a",1.222385932,"1"
"31",31,"Surfactant",4,75,"a",1.132474453,"1"
"32",32,"Copper",14,25,"c",0.5792382671,"1"
"33",33,"Salinity",13,30,"a",0.6049865772,"1"
"34",34,"Salinity",13,30,"b",0.5257534965,"1"
"35",35,"Surfactant",6,65,"a",1.405218638,"1"
"36",36,"µPlastic",11,40,"b",0.713005102,"1"
"37",37,"Nitrogen",14,25,"b",0.5950918728,"1"
"38",38,"Salinity",6,65,"b",1.440716606,"1"
"39",39,"All_in",6,65,"a",0.9876087719,"5"
"40",40,"Surfactant",1,90,"a",1.168724074,"1"
"41",41,"Ctrl",8,55,"c",0.6413669355,"0"
"42",42,"Salinity",4,75,"b",0.8984329502,"1"
"43",43,"Copper",13,30,"a",0.5990813149,"1"
"44",44,"All_in",13,30,"a",0.5925606061,"5"
"45",45,"Surfactant",8,55,"b",1.305494662,"1"
"46",46,"Nitrogen",5,70,"a",1.140577652,"1"
"47",47,"Surfactant",9,50,"b",0.7544784173,"1"
"48",48,"Salinity",11,40,"c",0.6440120275,"1"
"49",49,"Salinity",4,75,"a",0.8380584906,"1"
"50",50,"Salinity",11,40,"a",0.6871630824,"1"
"51",51,"Copper",4,75,"b",1.10375,"1"
"52",52,"µPlastic",8,55,"a",1.045517544,"1"
"53",53,"Surfactant",3,80,"c",1.078195652,"1"
"54",54,"Nitrogen",13,30,"a",0.631242268,"1"
"55",55,"Salinity",6,65,"a",1.602940959,"1"
"56",56,"µPlastic",6,65,"b",1.263314488,"1"
"57",57,"Surfactant",11,40,"b",0.7709589041,"1"
"58",58,"All_in",14,25,"b",0.5942397959,"5"
"59",59,"Copper",4,75,"c",1.086963235,"1"
"60",60,"Nitrogen",1,90,"c",1.140682156,"1"
"61",61,"Nitrogen",8,55,"b",1.120431507,"1"
"62",62,"Surfactant",13,30,"b",0.6068806228,"1"
"63",63,"All_in",7,60,"a",1.014127306,"5"
"64",64,"Ctrl",14,25,"c",0.6632706767,"0"
"65",65,"All_in",5,70,"a",1.04745614,"5"
"66",66,"All_in",9,50,"b",0.7763653846,"5"
"67",67,"Ctrl",5,70,"c",0.6302894737,"0"
"68",68,"Nitrogen",9,50,"a",0.816056338,"1"
"69",69,"Copper",6,65,"a",1.334539007,"1"
"70",70,"Salinity",1,90,"c",0.991243295,"1"
"71",71,"Surfactant",9,50,"a",0.7328706294,"1"
"72",72,"µPlastic",9,50,"b",0.9426388889,"1"
"73",73,"Salinity",9,50,"a",0.967164311,"1"
"74",74,"Surfactant",15,20,"a",0.5552576271,"1"
"75",75,"µPlastic",14,25,"b",0.8557308869,"1"
"76",76,"Salinity",5,70,"a",1.24678169,"1"
"77",77,"Ctrl",2,85,"b",0.5740517241,"0"
"78",78,"µPlastic",6,65,"a",0.9240214286,"1"
"79",79,"Salinity",10,45,"a",0.6012274306,"1"
"80",80,"Copper",5,70,"c",0.964323741,"1"
"81",81,"Copper",12,35,"a",0.6148976109,"1"
"82",82,"Surfactant",7,60,"b",0.9543618182,"1"
"83",83,"Salinity",7,60,"c",0.9615704225,"1"
"84",84,"Ctrl",15,20,"a",0.6184532374,"0"
"85",85,"Surfactant",13,30,"a",0.6212716263,"1"
"86",86,"Salinity",1,90,"a",0.9004048583,"1"
"87",87,"Salinity",5,70,"c",1.392480427,"1"
"88",88,"Ctrl",14,25,"b",0.5969923077,"0"
"89",89,"All_in",5,70,"c",0.7117885305,"5"
"90",90,"Copper",7,60,"b",0.9797003546,"1"
"91",91,"Surfactant",2,85,"a",0.9923210332,"1"
"92",92,"Copper",1,90,"a",1.08286194,"1"
"93",93,"Surfactant",10,45,"c",0.7134684015,"1"
"94",94,"Salinity",3,80,"c",1.142947471,"1"
"95",95,"All_in",3,80,"c",1.000918728,"5"
"96",96,"All_in",3,80,"b",1.042370787,"5"
"97",97,"All_in",3,80,"a",0.8325264151,"5"
"98",98,"Surfactant",1,90,"b",1.122051923,"1"
"99",99,"All_in",11,40,"c",0.640677193,"5"
"100",100,"Copper",7,60,"a",1.052125874,"1"
"101",101,"All_in",11,40,"b",0.7573139159,"5"
"102",102,"Ctrl",5,70,"a",0.5294634146,"0"
"103",103,"Surfactant",11,40,"c",0.6525897887,"1"
"104",104,"Nitrogen",15,20,"c",0.5580347222,"1"
"105",105,"Ctrl",6,65,"a",0.5313811475,"0"
"106",106,"µPlastic",8,55,"b",1.131501767,"1"
"107",107,"All_in",6,65,"c",1.29927957,"5"
"108",108,"Copper",15,20,"b",0.5781040956,"1"
"109",109,"Nitrogen",11,40,"a",0.6929270833,"1"
"110",110,"Nitrogen",6,65,"c",1.423813406,"1"
"111",111,"Salinity",12,35,"a",0.6923498294,"1"
"112",112,"Salinity",2,85,"c",1.033692308,"1"
"113",113,"Nitrogen",6,65,"b",1.618784173,"1"
"114",114,"Copper",2,85,"c",1.110535714,"1"
"115",115,"All_in",9,50,"a",0.976875,"5"
"116",116,"µPlastic",13,30,"a",0.5755699659,"1"
"117",117,"Nitrogen",11,40,"b",0.6271921708,"1"
"118",118,"Copper",10,45,"b",0.7081609589,"1"
"119",119,"Ctrl",11,40,"b",0.7259648438,"0"
"120",120,"µPlastic",3,80,"b",0.8592175439,"1"
"121",121,"µPlastic",5,70,"b",1.061515517,"1"
"122",122,"Copper",8,55,"a",0.995421147,"1"
"123",123,"µPlastic",5,70,"a",0.8806837456,"1"
"124",124,"Ctrl",13,30,"c",0.658527972,"0"
"125",125,"Copper",11,40,"b",0.6306701031,"1"
"126",126,"Surfactant",12,35,"b",0.6428881119,"1"
"127",127,"µPlastic",14,25,"c",0.5871797945,"1"
"128",128,"Surfactant",2,85,"b",0.9995660377,"1"
"129",129,"Surfactant",6,65,"b",1.391108696,"1"
"130",130,"Copper",6,65,"c",1.120442238,"1"
"131",131,"Copper",9,50,"b",0.8355214286,"1"
"132",132,"µPlastic",8,55,"c",1.204365497,"1"
"133",133,"Salinity",12,35,"c",0.6791708185,"1"
"134",134,"Copper",11,40,"a",0.6455195035,"1"
"135",135,"Ctrl",7,60,"b",0.8240894309,"0"
"136",136,"Nitrogen",1,90,"b",0.8728959108,"1"
"137",137,"Salinity",10,45,"b",0.7282152778,"1"
"138",138,"All_in",12,35,"a",0.6010904437,"5"
"139",139,"Salinity",15,20,"a",0.5826086207,"1"
"140",140,"Ctrl",12,35,"b",0.6010423077,"0"
"141",141,"All_in",13,30,"c",0.6442288136,"5"
"142",142,"µPlastic",1,90,"b",0.7601405109,"1"
"143",143,"Nitrogen",12,35,"b",0.6352037671,"1"
"144",144,"Surfactant",14,25,"b",0.6125140351,"1"
"145",145,"Nitrogen",6,65,"a",1.508876344,"1"
"146",146,"Surfactant",3,80,"a",1.042676786,"1"
"147",147,"µPlastic",2,85,"c",0.7311487455,"1"
"148",148,"Copper",11,40,"c",0.6513362676,"1"
"149",149,"Copper",6,65,"b",1.394327586,"1"
"150",150,"µPlastic",7,60,"b",0.9500232143,"1"
"151",151,"µPlastic",15,20,"c",0.5680459184,"1"
"152",152,"Ctrl",7,60,"a",0.8303162393,"0"
"153",153,"Salinity",6,65,"c",1.086632979,"1"
"154",154,"Nitrogen",5,70,"b",1.20787963,"1"
"155",155,"Ctrl",7,60,"c",0.8810787402,"0"
"156",156,"Surfactant",8,55,"c",1.206209507,"1"
"157",157,"Ctrl",9,50,"a",0.660875969,"0"
"158",158,"Nitrogen",15,20,"a",0.4956128472,"1"
"159",159,"Surfactant",11,40,"a",0.7237890071,"1"
"160",160,"Salinity",13,30,"c",0.5941849315,"1"
"161",161,"Nitrogen",14,25,"a",0.561346831,"1"
"162",162,"All_in",8,55,"c",1.201774476,"5"
"163",163,"Salinity",1,90,"b",0.7172593284,"1"
"164",164,"µPlastic",7,60,"c",1.116140288,"1"
"165",165,"Nitrogen",5,70,"c",1.109286765,"1"
"166",166,"Copper",14,25,"a",0.485681338,"1"
"167",167,"Surfactant",5,70,"b",1.224630357,"1"
"168",168,"µPlastic",4,75,"c",1.064510676,"1"
"169",169,"All_in",8,55,"b",0.9478701754,"5"
"170",170,"Surfactant",12,35,"a",0.6693137931,"1"
"171",171,"Nitrogen",15,20,"b",0.6348270548,"1"
"172",172,"µPlastic",2,85,"b",0.7063631387,"1"
"173",173,"Surfactant",6,65,"c",1.072129964,"1"
"174",174,"µPlastic",3,80,"a",0.891682971,"1"
"175",175,"All_in",6,65,"b",1.170503497,"5"
"176",176,"Nitrogen",11,40,"c",0.6453706897,"1"
"177",177,"All_in",1,90,"b",0.7168291367,"5"
"178",178,"Ctrl",3,80,"a",0.4902142857,"0"
"179",179,"Ctrl",6,65,"b",0.7392076271,"0"
"180",180,"Salinity",8,55,"a",0.9861571429,"1"
"181",181,"Copper",14,25,"b",0.6397825342,"1"
"182",182,"µPlastic",15,20,"a",0.5646729452,"1"
"183",183,"Ctrl",6,65,"c",0.6980263158,"0"
"184",184,"Nitrogen",8,55,"a",0.88195,"1"
"185",185,"Nitrogen",9,50,"c",0.8962522936,"1"
"186",186,"All_in",8,55,"a",0.9120283688,"5"
"187",187,"Nitrogen",8,55,"c",1.223740143,"1"
"188",188,"All_in",12,35,"c",0.6744724138,"5"
"189",189,"Ctrl",15,20,"c",0.5947463235,"0"
"190",190,"Surfactant",10,45,"b",0.744625,"1"
"191",191,"µPlastic",9,50,"a",0.8148506944,"1"
"192",192,"Salinity",8,55,"c",1.004695122,"1"
"193",193,"Nitrogen",10,45,"b",0.7031027875,"1"
"194",194,"µPlastic",13,30,"b",0.5213847458,"1"
"195",195,"µPlastic",6,65,"c",1.07330036,"1"
"196",196,"All_in",4,75,"b",1.027721519,"5"
"197",197,"Copper",13,30,"c",0.6568229167,"1"
"198",198,"Salinity",3,80,"a",1.045830935,"1"
"199",199,"Ctrl",5,70,"b",0.4601666667,"0"
"200",200,"Nitrogen",12,35,"c",0.5885625,"1"
"201",201,"All_in",10,45,"a",0.6755526316,"5"
"202",202,"All_in",14,25,"c",0.4715704698,"5"
"203",203,"Nitrogen",3,80,"c",1.054066914,"1"
"204",204,"All_in",11,40,"a",0.6186346863,"5"
"205",205,"Salinity",7,60,"b",1.088949821,"1"
"206",206,"Salinity",14,25,"a",0.5679773519,"1"
"207",207,"All_in",15,20,"a",0.5638681507,"5"
"208",208,"All_in",7,60,"b",0.7564907407,"5"
"209",209,"Copper",4,75,"a",1.055998208,"1"
"210",210,"µPlastic",3,80,"c",0.859360424,"1"
"211",211,"Copper",8,55,"c",0.9038951049,"1"
"212",212,"Ctrl",13,30,"a",0.5857153846,"0"
"213",213,"All_in",7,60,"c",1.191771429,"5"
"214",214,"Ctrl",4,75,"a",0.4235607477,"0"
"215",215,"Nitrogen",10,45,"c",0.7936888112,"1"
"216",216,"Salinity",8,55,"b",1.168338596,"1"
"217",217,"µPlastic",12,35,"c",0.6534161074,"1"
"218",218,"Copper",5,70,"b",1.008527473,"1"
"219",219,"Ctrl",11,40,"c",0.7086330645,"0"
"220",220,"Nitrogen",3,80,"a",1.123628159,"1"
"221",221,"All_in",13,30,"b",0.5266471572,"5"
"222",222,"All_in",1,90,"a",0.5637921569,"5"
"223",223,"Salinity",15,20,"b",0.7045909091,"1"
"224",224,"All_in",4,75,"a",1.071034799,"5"
"225",225,"Ctrl",10,45,"a",0.7030073529,"0"
"226",226,"Copper",12,35,"c",0.6535532646,"1"
"227",227,"µPlastic",5,70,"c",0.6930982759,"1"
"228",228,"Ctrl",1,90,"c",0.4863472222,"0"
"229",229,"Surfactant",14,25,"a",0.5998686869,"1"
"230",230,"Ctrl",2,85,"c",0.4469954128,"0"
"231",231,"Surfactant",10,45,"a",0.6479516129,"1"
"232",232,"Salinity",10,45,"c",0.7242031802,"1"
"233",233,"µPlastic",10,45,"c",0.6812195122,"1"
"234",234,"All_in",10,45,"c",0.6685360825,"5"
"235",235,"µPlastic",4,75,"a",0.6298708487,"1"
"236",236,"µPlastic",14,25,"a",0.6337508475,"1"
"237",237,"Ctrl",12,35,"c",0.5427961538,"0"
"238",238,"µPlastic",15,20,"b",0.6397174658,"1"
"239",239,"Surfactant",7,60,"c",1.063630282,"1"
"240",240,"Surfactant",7,60,"a",1.070842857,"1"
"241",241,"Ctrl",8,55,"a",0.9860447154,"0"
"242",242,"Copper",10,45,"c",0.6790605536,"1"
"243",243,"All_in",5,70,"b",0.5849908425,"5"
"244",244,"Surfactant",4,75,"c",0.8768810409,"1"
"245",245,"All_in",1,90,"c",0.8309719101,"5"
"246",246,"Salinity",4,75,"c",0.9222166667,"1"
"247",247,"All_in",12,35,"b",0.6326728814,"5"
"248",248,"µPlastic",11,40,"c",0.69276,"1"
"249",249,"Ctrl",13,30,"b",0.638093985,"0"
"250",250,"Surfactant",15,20,"c",0.5524047619,"1"
"251",251,"Ctrl",11,40,"a",0.6241192308,"0"
"252",252,"µPlastic",2,85,"a",0.7789566787,"1"
"253",253,"Nitrogen",13,30,"b",0.6577193878,"1"
"254",254,"All_in",2,85,"b",0.8960072993,"5"
"255",255,"µPlastic",10,45,"b",0.7065050847,"1"
"256",257,"µPlastic",4,75,"b",1.043381206,"1"
"257",258,"Surfactant",15,20,"b",0.5238986014,"1"
"258",259,"Nitrogen",2,85,"b",1.09547191,"1"
"259",260,"Ctrl",10,45,"c",0.535144,"0"
"260",261,"All_in",2,85,"c",0.7177683824,"5"
"261",262,"Copper",8,55,"b",1.082548043,"1"
"262",263,"All_in",10,45,"b",0.7395,"5"
"263",264,"µPlastic",13,30,"c",0.6490858586,"1"
"264",265,"Nitrogen",7,60,"b",0.9369805654,"1"
"265",266,"Nitrogen",4,75,"c",0.9856574074,"1"
"266",267,"Copper",1,90,"b",0.9491509434,"1"
"267",268,"All_in",9,50,"c",1.002206522,"5"
"268",269,"Salinity",12,35,"b",0.6160489865,"1"
"269",270,"Ctrl",3,80,"c",0.6105854701,"0"
"270",271,"µPlastic",10,45,"a",0.7220324232,"1"
"271",272,"Ctrl",10,45,"b",0.5278398438,"0"
"272",273,"Ctrl",4,75,"c",0.5534190476,"0"
"273",274,"All_in",4,75,"c",1.189667832,"5"
"274",275,"Ctrl",8,55,"b",0.6969637681,"0"
"275",276,"Copper",2,85,"b",1.131251852,"1"
"276",277,"Nitrogen",2,85,"a",1.001448339,"1"
"277",278,"Nitrogen",10,45,"a",1.274846591,"1"
"278",279,"Nitrogen",4,75,"a",1.166528269,"1"
"279",280,"Ctrl",9,50,"c",0.6169230769,"0"
"280",281,"All_in",15,20,"c",0.6377038328,"5"
"281",282,"Salinity",14,25,"c",0.5616837456,"1"
"282",283,"Copper",5,70,"a",1.048730916,"1"
"283",284,"µPlastic",12,35,"a",0.6692972973,"1"
"284",285,"Surfactant",4,75,"b",1.043653285,"1"
"285",286,"Salinity",2,85,"b",0.8862313433,"1"
"286",287,"Ctrl",1,90,"b",0.4256584158,"0"
"287",288,"Nitrogen",12,35,"a",0.6449634146,"1"
"288",289,"Copper",3,80,"b",1.062669742,"1"
"289",290,"Salinity",7,60,"a",1.26362543,"1"
"290",291,"Ctrl",14,25,"a",0.6445735294,"0"
"291",292,"Salinity",9,50,"b",0.8013615917,"1"
"292",293,"Ctrl",1,90,"a",0.5453772727,"0"
"293",294,"Nitrogen",13,30,"c",0.5550135593,"1"
"294",295,"Copper",15,20,"c",0.6594486301,"1"
"295",296,"µPlastic",11,40,"a",0.603164311,"1"
"296",297,"Nitrogen",3,80,"b",0.9262392857,"1"
"297",298,"All_in",15,20,"b",0.6034895833,"5"
"298",299,"Ctrl",2,85,"a",0.4832478992,"0"
"299",300,"Salinity",5,70,"b",0.8479622302,"1"
"300",301,"Ctrl",12,35,"a",0.6002740741,"0"
"301",302,"µPlastic",1,90,"a",0.6611014493,"1"
"302",303,"Nitrogen",7,60,"c",0.8226768953,"1"
"303",304,"Surfactant",9,50,"c",0.86715,"1"
"304",305,"Salinity",2,85,"a",0.9757633588,"1"
"305",306,"Salinity",15,20,"c",0.5983737024,"1"
"306",307,"Copper",9,50,"a",0.7210804795,"1"
"307",308,"Copper",12,35,"b",0.597665493,"1"
"308",309,"Nitrogen",2,85,"c",1.011784644,"1"
"309",310,"Copper",3,80,"c",1.207604779,"1"
"310",311,"Surfactant",5,70,"c",1.291564576,"1"
"311",312,"Copper",15,20,"a",0.5700034722,"1"
"312",313,"µPlastic",12,35,"b",0.5943973064,"1"
"313",314,"Surfactant",13,30,"c",0.5670436242,"1"
"314",315,"Ctrl",9,50,"b",0.660388,"0"
"315",256,"Copper",1,90,"c",0.9350992647,"1"
