"","potID","moistureL","whc","tr","cop_gS","log_cop_gS"
"1",15,1,90,"mp",12674925106.8526,23.2628914776766
"2",18,1,90,"sdbs",16271248272.9123,23.5126654776014
"3",30,1,90,"n",12054683238.1095,23.2127190718436
"4",40,1,90,"sdbs",11302994722.7347,23.1483335472642
"5",60,1,90,"n",16363856521.0088,23.5183408690094
"6",70,1,90,"nacl",11983668845.2424,23.2068106302656
"7",86,1,90,"nacl",10061378681.3813,23.031970038091
"8",92,1,90,"cu",16574466000.0406,23.5311291553072
"9",98,1,90,"sdbs",15646185585.1599,23.4734929916473
"10",136,1,90,"n",11809230384.8557,23.1921472986356
"11",142,1,90,"mp",13985247377.4661,23.3612688522152
"12",163,1,90,"nacl",17640455629.0617,23.5934607165034
"13",177,1,90,"all",12848107285.9131,23.2764623445139
"14",222,1,90,"all",18699951279.728,23.6517867554414
"15",228,1,90,"ctrl",13760365652.6772,23.3450582426943
"16",245,1,90,"all",14962135820.7095,23.4287885680663
"17",266,1,90,"cu",18220705856.4583,23.6258244687775
"18",286,1,90,"ctrl",15740707511.1796,23.4795160288098
"19",292,1,90,"ctrl",19357307971.5595,23.6863358580705
"20",301,1,90,"mp",15584851817.3435,23.4695652420899
"21",315,1,90,"cu",16530983801.2043,23.5285022631126
"22",12,2,85,"all",17093464330.0606,23.5619620244764
"23",25,2,85,"cu",10622401136.6418,23.0862309229334
"24",29,2,85,"sdbs",10286527911.5023,23.0541009062859
"25",77,2,85,"ctrl",12441637055.4985,23.2443145117006
"26",91,2,85,"sdbs",16991234574.5341,23.5559634347657
"27",112,2,85,"nacl",15895011981.0511,23.4892711850711
"28",114,2,85,"cu",21102909855.658,23.7726767757711
"29",128,2,85,"sdbs",16474681983.0503,23.5250906141472
"30",147,2,85,"mp",17733284569.8009,23.5987091947989
"31",172,2,85,"mp",11408598120.0611,23.1576331291231
"32",230,2,85,"ctrl",13379351351.9133,23.3169784115411
"33",252,2,85,"mp",14111833730.7133,23.3702795540208
"34",254,2,85,"all",17573331710.9603,23.5896483461524
"35",258,2,85,"n",15918237658.3284,23.4907313113812
"36",260,2,85,"all",15911376506.3826,23.490300193868
"37",275,2,85,"cu",14551316515.7326,23.4009473086516
"38",276,2,85,"n",14910591173.5286,23.4253376144024
"39",285,2,85,"nacl",16641634019.9001,23.5351734658296
"40",298,2,85,"ctrl",14643634544.2887,23.4072715758898
"41",304,2,85,"nacl",15539701561.8861,23.4666639771897
"42",308,2,85,"n",11529743206.2256,23.1681958991863
"43",3,3,80,"sdbs",10624406392.7197,23.0864196812757
"44",7,3,80,"nacl",11618267422.8179,23.1758444742255
"45",8,3,80,"cu",12142604927.9965,23.2199861735301
"46",27,3,80,"ctrl",15240560659.6027,23.4472261752161
"47",53,3,80,"sdbs",14780935142.1173,23.4166040212442
"48",94,3,80,"nacl",12991302627.4098,23.2875459418476
"49",95,3,80,"all",13856238772.3702,23.352001421035
"50",96,3,80,"all",14822308131.3929,23.419399189046
"51",97,3,80,"all",17336200279.4613,23.5760626539207
"52",120,3,80,"mp",14691949120.7306,23.4105655018384
"53",146,3,80,"sdbs",14883776358.4599,23.4235376216837
"54",174,3,80,"mp",11720005832.7029,23.1845631187661
"55",178,3,80,"ctrl",14084578813.9477,23.3683463346645
"56",198,3,80,"nacl",12449627660.1751,23.2449565525967
"57",203,3,80,"n",12932227043.5966,23.2829882533827
"58",210,3,80,"mp",16164415199.8249,23.5060780705331
"59",220,3,80,"n",12610538773.8691,23.2577987119319
"60",269,3,80,"ctrl",15505183427.5285,23.4644402196467
"61",288,3,80,"cu",11990551371.8168,23.2073847909016
"62",296,3,80,"n",21128166078.5314,23.7738728724997
"63",309,3,80,"cu",17536868598.9195,23.5875712788142
"64",20,4,75,"ctrl",10393844878.6329,23.0644796292952
"65",24,4,75,"n",12616300720.3827,23.2582555227516
"66",31,4,75,"sdbs",11022266838.2739,23.1231833217201
"67",42,4,75,"nacl",15024379175.7713,23.4329399970978
"68",49,4,75,"nacl",12004543438.4335,23.2085510349455
"69",51,4,75,"cu",13563561691.7016,23.330652746599
"70",59,4,75,"cu",11521450015.069,23.1674763536569
"71",168,4,75,"mp",11958304599.4618,23.2046918195227
"72",196,4,75,"all",16123627838.42,23.5035516007157
"73",209,4,75,"cu",16706571703.3068,23.5390679941304
"74",214,4,75,"ctrl",16662555652.0388,23.536429862403
"75",224,4,75,"all",17870226312.6203,23.6064018304259
"76",235,4,75,"mp",18243451183.2546,23.627072013303
"77",244,4,75,"sdbs",13888272036.4954,23.3543105825539
"78",246,4,75,"nacl",14588021565.1321,23.4034665881706
"79",265,4,75,"n",14661039743.6249,23.4084594547388
"80",272,4,75,"ctrl",14686494592.7501,23.4101941732482
"81",273,4,75,"all",19183237220.1092,23.6773026731874
"82",278,4,75,"n",12037796670.8585,23.2113172593211
"83",284,4,75,"sdbs",16793365946.8545,23.5442497612526
"84",316,4,75,"mp",18174570528.9582,23.6232892303183
"85",13,5,70,"sdbs",14274562929.9127,23.3817449741502
"86",46,5,70,"n",11956945197.2782,23.2045781345563
"87",65,5,70,"all",14721460738.3999,23.4125721802693
"88",67,5,70,"ctrl",11913671673.0838,23.2009524576973
"89",76,5,70,"nacl",11386136180.6148,23.1556623277599
"90",80,5,70,"cu",13418544649.9315,23.3199035162554
"91",87,5,70,"nacl",18269869171.2313,23.6285190464585
"92",89,5,70,"all",16756713289.4435,23.5420648083209
"93",102,5,70,"ctrl",14315298341.4455,23.3845946164561
"94",121,5,70,"mp",17922647699.436,23.6093309846637
"95",123,5,70,"mp",11324365064.5215,23.1502224418009
"96",154,5,70,"n",12691639918.624,23.2642093395293
"97",165,5,70,"n",13710341499.012,23.341416238964
"98",167,5,70,"sdbs",15755662337.4665,23.4804656510985
"99",199,5,70,"ctrl",15495760434.8521,23.463832303126
"100",218,5,70,"cu",20480635911.8522,23.7427456870191
"101",227,5,70,"mp",18034628556.6998,23.6155595553981
"102",243,5,70,"all",22438456615.9009,23.834042136978
"103",282,5,70,"cu",13592504339.1692,23.3327843262169
"104",299,5,70,"nacl",17751608742.8131,23.5997419821588
"105",310,5,70,"sdbs",16895864388.659,23.5503347181986
"106",35,6,65,"sdbs",15177971428.994,23.4431109655304
"107",38,6,65,"nacl",14106067848.3253,23.369870885612
"108",39,6,65,"all",14945703211.6693,23.4276896848821
"109",55,6,65,"nacl",14007938784.2046,23.3628900618608
"110",56,6,65,"mp",12852615086.0484,23.2768131362245
"111",69,6,65,"cu",13588710668.8393,23.3325051870869
"112",78,6,65,"mp",13359041775.2649,23.3154592790744
"113",105,6,65,"ctrl",17861606185.6519,23.6059193403585
"114",107,6,65,"all",13536199485.0407,23.3286333770717
"115",110,6,65,"n",15779612555.8686,23.4819845992027
"116",113,6,65,"n",22627625242.6858,23.842437352627
"117",129,6,65,"sdbs",14187470950.0188,23.3756250846102
"118",130,6,65,"cu",20107748249.3355,23.7243710627727
"119",145,6,65,"n",17921680904.4546,23.609277040566
"120",149,6,65,"cu",17052093915.2994,23.5595388434169
"121",153,6,65,"nacl",17375945672.4126,23.5783526541054
"122",173,6,65,"sdbs",15272326542.9373,23.449308304947
"123",175,6,65,"all",19054858611.614,23.6705879512297
"124",179,6,65,"ctrl",17894144200.094,23.6077393566117
"125",183,6,65,"ctrl",16324170126.2682,23.515912676285
"126",195,6,65,"mp",10978397994.0666,23.1191953602033
"127",5,7,60,"mp",14759388013.8404,23.4151451927822
"128",23,7,60,"n",12915585692.2631,23.2817006122347
"129",28,7,60,"cu",12285062069.0049,23.2316498953288
"130",63,7,60,"all",12347199289.4199,23.2366950961177
"131",82,7,60,"sdbs",17598813693.1534,23.5910973329207
"132",83,7,60,"nacl",15514160798.1717,23.4650190436753
"133",90,7,60,"cu",19573557154.4898,23.6974453675238
"134",100,7,60,"cu",17243325528.6133,23.5706909796712
"135",150,7,60,"mp",15604358571.1831,23.4708161077669
"136",152,7,60,"ctrl",16886042152.3714,23.5497532094817
"137",155,7,60,"ctrl",17227766823.0327,23.5697882692796
"138",164,7,60,"mp",17092218010.2905,23.5618891097539
"139",205,7,60,"nacl",14283985727.5437,23.3824048674863
"140",208,7,60,"all",17788037732.9136,23.6017920308493
"141",213,7,60,"all",17927320909.8261,23.6095916939807
"142",239,7,60,"sdbs",19076062263.3995,23.6717001013422
"143",240,7,60,"sdbs",16609099217.4024,23.5332165277586
"144",264,7,60,"n",18802788249.4939,23.6572710069286
"145",289,7,60,"nacl",17797240882.512,23.6023092756292
"146",302,7,60,"n",17039718428.7764,23.5588128340782
"147",1,8,55,"sdbs",15076326629.9116,23.4363915776719
"148",41,8,55,"ctrl",17046209434.6583,23.5591936954112
"149",45,8,55,"sdbs",11107369114.6363,23.1308746091925
"150",52,8,55,"mp",12888906300.5195,23.279632801618
"151",61,8,55,"n",14451580495.006,23.3940696223407
"152",106,8,55,"mp",21834898828.4846,23.806775390417
"153",122,8,55,"cu",19787615781.3822,23.7083221133749
"154",132,8,55,"mp",14211904911.8442,23.3773458243879
"155",156,8,55,"sdbs",14369272250.0335,23.3883578920551
"156",162,8,55,"all",18504909760.5217,23.641301926281
"157",169,8,55,"all",20032709178.9565,23.7206322335416
"158",180,8,55,"nacl",17960394978.4049,23.6114348916947
"159",184,8,55,"n",15448959170.8417,23.4608074704378
"160",186,8,55,"all",14892674389.9411,23.4241352773157
"161",192,8,55,"nacl",15477809604.2204,23.4626731966608
"162",211,8,55,"cu",16365073378.9134,23.5184152287828
"163",216,8,55,"nacl",16188398116.8056,23.5075606569864
"164",241,8,55,"ctrl",17316802050.5018,23.5749430839163
"165",261,8,55,"cu",18350538242.5119,23.6329247430338
"166",274,8,55,"ctrl",25080918909.7399,23.9453731911843
"167",4,9,50,"mp",11537577811.0848,23.168875180942
"168",14,9,50,"nacl",16330740031.7006,23.5163150602137
"169",19,9,50,"cu",14770110719.3897,23.4158714296965
"170",26,9,50,"n",14067553120.5087,23.3671367853804
"171",47,9,50,"sdbs",16062820007.5235,23.4997731220508
"172",66,9,50,"all",15534474796.9665,23.4663275714933
"173",68,9,50,"n",10978841182.0658,23.1192357284842
"174",71,9,50,"sdbs",14603157178.3947,23.4045035873786
"175",72,9,50,"mp",14996191815.5496,23.4310621268525
"176",73,9,50,"nacl",13950485376.3295,23.3587801386106
"177",115,9,50,"all",20665084387.6549,23.7517113685047
"178",131,9,50,"cu",15666627804.3394,23.4747986694112
"179",157,9,50,"ctrl",17471041282.6811,23.583810563362
"180",185,9,50,"n",12089561301.8098,23.2156082148775
"181",191,9,50,"mp",16353090134.3155,23.5176827154723
"182",267,9,50,"all",18286089965.4279,23.629406496584
"183",279,9,50,"ctrl",18595845689.0283,23.646204042667
"184",291,9,50,"nacl",15258337689.1604,23.4483919243108
"185",303,9,50,"sdbs",16340954447.8086,23.516940336411
"186",306,9,50,"cu",23335374018.202,23.8732362444264
"187",314,9,50,"ctrl",19558210382.868,23.6966610036489
"188",17,10,45,"cu",16883956557.1444,23.5496296918442
"189",79,10,45,"nacl",13265239067.745,23.3084128468196
"190",93,10,45,"sdbs",16093670747.3194,23.5016919103599
"191",118,10,45,"cu",19408237471.0134,23.6889634248015
"192",190,10,45,"sdbs",18816809957.5204,23.6580164539479
"193",193,10,45,"n",17609505479.1918,23.5917046772426
"194",201,10,45,"all",12156724951.3761,23.2211483475521
"195",215,10,45,"n",13563472629.0319,23.3306461802587
"196",225,10,45,"ctrl",19568347776.3273,23.6971791884401
"197",231,10,45,"sdbs",19665731796.2638,23.702143455271
"198",232,10,45,"nacl",17026558515.5864,23.5580402275579
"199",233,10,45,"mp",18597173537.6922,23.6462754457793
"200",234,10,45,"all",22731591937.6209,23.8470215092093
"201",242,10,45,"cu",17543778887.4119,23.5879652446659
"202",255,10,45,"mp",21165313545.6277,23.7756295251553
"203",259,10,45,"ctrl",17109023020.966,23.5628718233352
"204",262,10,45,"all",18980532094.2372,23.6666796642051
"205",270,10,45,"mp",17460780116.2506,23.5832230665574
"206",271,10,45,"ctrl",14452548985.7448,23.3941366363457
"207",6,11,40,"nacl",13698035521.3604,23.3405182668974
"208",36,11,40,"mp",13581585267.8909,23.3319806877492
"209",48,11,40,"nacl",15480797499.8475,23.462866221859
"210",50,11,40,"nacl",13748414239.268,23.344189326355
"211",57,11,40,"sdbs",11352735014.5546,23.1527245222905
"212",99,11,40,"all",24620939593.0242,23.9268631207854
"213",101,11,40,"all",17688893096.3274,23.5962027708781
"214",103,11,40,"sdbs",15495403657.1394,23.4638092786464
"215",109,11,40,"n",17861921914.2011,23.6059370165829
"216",117,11,40,"n",21559100688.0144,23.7940638700585
"217",119,11,40,"ctrl",15829597826.3517,23.4851473047271
"218",125,11,40,"cu",22897153517.8906,23.8542784392519
"219",134,11,40,"cu",21101524679.0589,23.7726111344889
"220",148,11,40,"cu",14037605258.1454,23.3650056553369
"221",159,11,40,"sdbs",16562998429.0752,23.530437034071
"222",176,11,40,"n",15493293070.9338,23.4636730621267
"223",204,11,40,"all",12625054518.6773,23.2589491304096
"224",219,11,40,"ctrl",20274078268.4167,23.7326089744307
"225",248,11,40,"mp",19319241924.2986,23.6843674270882
"226",251,11,40,"ctrl",18966654045.7319,23.6659482239832
"227",295,11,40,"mp",18612445651.5674,23.6470963149559
"228",2,12,35,"sdbs",13125714066.2514,23.2978390489919
"229",81,12,35,"cu",23885006885.1359,23.8965167720502
"230",111,12,35,"nacl",21593131596.9189,23.7956411194455
"231",126,12,35,"sdbs",18800058225.1235,23.6571258038586
"232",133,12,35,"nacl",17175248931.1827,23.5667351687596
"233",138,12,35,"all",12036990025.1391,23.2112502476604
"234",140,12,35,"ctrl",15852063726.6851,23.4865655323703
"235",143,12,35,"n",23561914913.8071,23.8828974706021
"236",170,12,35,"sdbs",19437864162.6451,23.6904887617661
"237",188,12,35,"all",17881104716.958,23.6070103898479
"238",200,12,35,"n",14951108853.567,23.4280513048397
"239",217,12,35,"mp",15470667615.3884,23.4622116560875
"240",226,12,35,"cu",18907132097.8711,23.6628050475055
"241",237,12,35,"ctrl",17363086599.8623,23.5776123299054
"242",247,12,35,"all",22385550979.2133,23.8316815421052
"243",268,12,35,"nacl",19586218604.8446,23.6980920234635
"244",283,12,35,"mp",20755296830.0567,23.7560673199659
"245",287,12,35,"n",22609643260.1393,23.8416423451436
"246",300,12,35,"ctrl",21173747334.6535,23.7760279179851
"247",307,12,35,"cu",19694637685.2608,23.7036122369198
"248",312,12,35,"mp",16355067767.7775,23.5178036414792
"249",10,13,30,"cu",17386759689.2759,23.5789748161091
"250",33,13,30,"nacl",15888158317.9937,23.4888399088266
"251",34,13,30,"nacl",14636009680.7445,23.4067507455369
"252",43,13,30,"cu",16142966707.799,23.5047502937892
"253",44,13,30,"all",18674016221.004,23.6503988876489
"254",54,13,30,"n",14990543674.1402,23.4306854175253
"255",62,13,30,"sdbs",15765359764.593,23.4810809501457
"256",85,13,30,"sdbs",27037462615.5039,24.0204892455341
"257",116,13,30,"mp",22969249361.2271,23.8574221740202
"258",124,13,30,"ctrl",7120075449.60403,22.6861841591686
"259",141,13,30,"all",22859069864.4007,23.8526138061389
"260",160,13,30,"nacl",16439605704.1888,23.5229592423567
"261",194,13,30,"mp",15008801832.229,23.4319026547706
"262",197,13,30,"cu",17658880465.8237,23.5945046363315
"263",212,13,30,"ctrl",20611251631.8826,23.7491029593538
"264",221,13,30,"all",22085774036.9302,23.8181995294645
"265",249,13,30,"ctrl",17674237373.4538,23.5953739006103
"266",253,13,30,"n",19870467688.2433,23.7125004306384
"267",263,13,30,"mp",17684746820.3648,23.5959683434349
"268",293,13,30,"n",18687159403.322,23.651102462022
"269",313,13,30,"sdbs",18528077213.7244,23.6425531057357
"270",11,14,25,"sdbs",16830649468.2459,23.5464674343182
"271",16,14,25,"all",18851357626.3513,23.659850770865
"272",21,14,25,"n",14388472194.2513,23.3896931808576
"273",22,14,25,"nacl",15133314314.9317,23.4401643966022
"274",32,14,25,"cu",17305467173.8195,23.5742883101339
"275",37,14,25,"n",18637070598.821,23.6484184771378
"276",58,14,25,"all",16077767655.6596,23.5007032636755
"277",64,14,25,"ctrl",15380265951.9177,23.4563510929367
"278",75,14,25,"mp",15125667083.7423,23.439658944601
"279",88,14,25,"ctrl",26659849978.2249,24.0064245244578
"280",127,14,25,"mp",17714130735.633,23.5976285046629
"281",144,14,25,"sdbs",18327047321.582,23.631643801348
"282",161,14,25,"n",15578404978.3171,23.469151495917
"283",166,14,25,"cu",23094988545.0211,23.862881484835
"284",181,14,25,"cu",19965636808.8202,23.7172784732124
"285",202,14,25,"all",23087264461.6351,23.8625469804332
"286",206,14,25,"nacl",17237579876.736,23.5703577139484
"287",229,14,25,"sdbs",17803840061.4439,23.6026800047662
"288",236,14,25,"mp",20740604416.6569,23.7553591818813
"289",281,14,25,"nacl",20098514502.0404,23.7239117439092
"290",290,14,25,"ctrl",24491623166.9126,23.9215969844774
"291",9,15,20,"ctrl",15195299594.922,23.4442519797988
"292",74,15,20,"sdbs",21804176739.6601,23.8053673819521
"293",84,15,20,"ctrl",15985941129.5773,23.4949754935197
"294",104,15,20,"n",21714392590.1741,23.8012411306412
"295",108,15,20,"cu",14390480958.1071,23.3898327803662
"296",139,15,20,"nacl",24434114162.8347,23.9192461142115
"297",151,15,20,"mp",16122329613.8839,23.5034710805736
"298",158,15,20,"n",16387820310.5362,23.5198042318733
"299",171,15,20,"n",24087280394.574,23.9049497536583
"300",182,15,20,"mp",19771071904.6666,23.7074856914081
"301",189,15,20,"ctrl",20830314263.1327,23.7596751791498
"302",207,15,20,"all",20662643924.0238,23.7515932655393
"303",223,15,20,"nacl",16796844826.0663,23.5444568977453
"304",250,15,20,"sdbs",16724966785.8412,23.5401684570598
"305",257,15,20,"sdbs",20125619390.2414,23.7252594369323
"306",280,15,20,"all",21707114419.0968,23.8009058971752
"307",294,15,20,"cu",20723525991.9284,23.7545354132155
"308",305,15,20,"nacl",17765844686.1403,23.6005436130594
"309",311,15,20,"cu",17581031983.3428,23.5900864296047
