potID,replicate,treatment,no_poll,dl,whc,mwd,wsa_b,wdpt,log_cop_gS
1,a,Surfactant,1,8,55,1.020757785,0.6129032258,1,23.4363665926856
2,c,Surfactant,1,12,35,0.678911215,0.5862068965999999,2,23.2978132116181
3,b,Surfactant,1,3,80,1.103846014,0.5,2,23.0863925444704
4,c,µPlastic,1,9,50,0.8276279461,0.4375,2,23.1688485515695
5,a,µPlastic,1,7,60,1.186751724,0.5483870968,2,23.4151200767538
6,b,Salinity,1,11,40,0.6850470383,0.5757575758,3,23.3404926918114
7,b,Salinity,1,3,80,1.134652015,0.5483870968,1e-16,23.1758178870099
8,a,Copper,1,3,80,1.054707668,0.40625,1e-16,23.2199598576678
9,b,Ctrl,0,15,20,0.6493088235,0.6410256409999999,4,23.4442270429863
10,b,Copper,1,13,30,0.5777794613,0.4117647059,3,23.5789507066653
11,c,Surfactant,1,14,25,0.6005017007,0.5806451613,4,23.5464431256091
12,a,All_in,5,2,85,0.9485663082,0.5161290323,1,23.5619378106458
13,a,Surfactant,1,5,70,1.07026259,0.5151515152,2,23.3817196525021
14,c,Salinity,1,9,50,0.8480162455,0.4117647059,1,23.5162905659309
15,c,µPlastic,1,1,90,0.8451660517,0.5294117647000001,1,23.2628654250724
16,a,All_in,5,14,25,0.6023047138,0.46875,5,23.6598271583093
17,a,Copper,1,10,45,0.688790378,0.5151515152,3,23.5496054021625
18,c,Surfactant,1,1,90,1.061671004,0.3870967742,4,23.5126409612291
19,c,Copper,1,9,50,0.8139616788,0.5666666667,2,23.4158463175696
20,b,Ctrl,0,4,75,0.3922974138,0.15625,1e-16,23.0644523579979
21,c,Nitrogen,1,14,25,0.701505137,0.6551724138,3,23.3896679079393
22,b,Salinity,1,14,25,0.5278605442,0.3428571429,4,23.4401394338911
23,a,Nitrogen,1,7,60,0.9684395018,0.5625,1,23.2816746754514
24,b,Nitrogen,1,4,75,0.997130742,0.4333333333,1,23.2582294425081
25,a,Copper,1,2,85,1.059729927,0.44444444439999997,1e-16,23.0862037847472
26,b,Nitrogen,1,9,50,1.073873288,0.5666666667,1e-16,23.3671113738491
27,b,Ctrl,0,3,80,0.4726594828,0.25,1e-16,23.4472012561952
28,c,Copper,1,7,60,1.294066308,0.5,1e-16,23.2316236506633
29,c,Surfactant,1,2,85,1.181181818,0.6129032258,1,23.0540735709062
30,a,Nitrogen,1,1,90,1.222385932,0.46875,2,23.2126927104701
31,a,Surfactant,1,4,75,1.132474453,0.44117647060000004,1e-16,23.1231564107967
32,c,Copper,1,14,25,0.5792382671,0.5625,4,23.5742641721504
33,a,Salinity,1,13,30,0.6049865772,0.4838709677,3,23.4888152457162
34,b,Salinity,1,13,30,0.5257534965,0.4375,5,23.4067255773915
35,a,Surfactant,1,6,65,1.405218638,0.46666666669999995,1e-16,23.4430860208287
36,b,µPlastic,1,11,40,0.713005102,0.5666666667,4,23.3319550600018
37,b,Nitrogen,1,14,25,0.5950918728,0.4545454545,4,23.6483947947658
38,b,Salinity,1,6,65,1.440716606,0.4375,1e-16,23.3698454908849
39,a,All_in,5,6,65,0.9876087719,0.8571428570999999,2,23.4276646456591
40,a,Surfactant,1,1,90,1.168724074,0.34375,2,23.148306791577
41,c,Ctrl,0,8,55,0.6413669355,0.53125,1e-16,23.5591694645192
42,b,Salinity,1,4,75,0.8984329502,0.6774193547999999,2,23.4329149909145
43,a,Copper,1,13,30,0.5990813149,0.28571428569999996,5,23.5047257276618
44,a,All_in,5,13,30,0.5925606061,0.33333333330000003,4,23.6503752173258
45,b,Surfactant,1,8,55,1.305494662,0.9032258065000001,1e-16,23.130847745545
46,a,Nitrogen,1,5,70,1.140577652,0.4838709677,1e-16,23.2045517244059
47,b,Surfactant,1,9,50,0.7544784173,0.5454545455,2,23.4997485259506
48,c,Salinity,1,11,40,0.6440120275,0.4545454545,3,23.4628413989101
49,a,Salinity,1,4,75,0.8380584906,0.5333333333,1e-16,23.2085246490074
50,a,Salinity,1,11,40,0.6871630824,0.5151515152,1,23.3441637744234
51,b,Copper,1,4,75,1.10375,0.37142857139999996,1e-16,23.3306271118844
52,a,µPlastic,1,8,55,1.045517544,0.9032258065000001,1e-16,23.2796068523645
53,c,Surfactant,1,3,80,1.078195652,0.46666666669999995,3,23.4165789136325
54,a,Nitrogen,1,13,30,0.631242268,0.5483870968,5,23.430660396851
55,a,Salinity,1,6,65,1.602940959,0.7419354839000001,1,23.3628646249992
56,b,µPlastic,1,6,65,1.263314488,0.935483871,1,23.2767871695241
57,b,Surfactant,1,11,40,0.7709589041,0.53125,1,23.152697793452
58,b,All_in,5,14,25,0.5942397959,0.44117647060000004,5,23.500678673558
59,c,Copper,1,4,75,1.086963235,0.42424242419999997,1e-16,23.1674497155629
60,c,Nitrogen,1,1,90,1.140682156,0.59375,1e-16,23.5183163869614
61,b,Nitrogen,1,8,55,1.120431507,0.6129032258,1,23.3940443773557
62,b,Surfactant,1,13,30,0.6068806228,0.5666666667,2,23.4810562388686
63,a,All_in,5,7,60,1.014127306,0.4375,2,23.2366688827201
64,c,Ctrl,0,14,25,0.6632706767,0.45161290319999997,3,23.4563262296234
65,a,All_in,5,5,70,1.04745614,0.5483870968,1,23.4125470482835
66,b,All_in,5,9,50,0.7763653846,0.5,5,23.4663027702039
67,c,Ctrl,0,5,70,0.6302894737,0.2903225806,1e-16,23.2009260248944
68,a,Nitrogen,1,9,50,0.816056338,0.4838709677,2,23.1192087930714
69,a,Copper,1,6,65,1.334539007,0.53125,1,23.3324795634322
70,c,Salinity,1,1,90,0.991243295,0.46875,1e-16,23.2067842334479
71,a,Surfactant,1,9,50,0.7328706294,0.6176470588,1,23.4044784054919
72,b,µPlastic,1,9,50,0.9426388889,0.5483870968,4,23.4310371085664
73,a,Salinity,1,9,50,0.967164311,0.5483870968,1e-16,23.3587546758992
74,a,Surfactant,1,15,20,0.5552576271,0.5882352941,3,23.8053446645894
75,b,µPlastic,1,14,25,0.8557308869,0.4117647059,5,23.4396339793214
76,a,Salinity,1,5,70,1.24678169,0.6875,1e-16,23.1556356164594
77,b,Ctrl,0,2,85,0.5740517241,0.5333333333,1,23.2442883454494
78,a,µPlastic,1,6,65,0.9240214286,0.5454545455,3,23.3154335501746
79,a,Salinity,1,10,45,0.6012274306,0.4,2,23.3083870740366
80,c,Copper,1,5,70,0.964323741,0.5,1e-16,23.3198778141447
81,a,Copper,1,12,35,0.6148976109,0.4838709677,2,23.8964946148742
82,b,Surfactant,1,7,60,0.9543618182,0.6333333333,1e-16,23.5910732985609
83,c,Salinity,1,7,60,0.9615704225,0.5,1,23.4649942341352
84,a,Ctrl,0,15,20,0.6184532374,0.3548387097,5,23.4949508676088
85,a,Surfactant,1,13,30,0.6212716263,0.4375,6,24.0204678507482
86,a,Salinity,1,1,90,0.9004048583,0.34375,1e-16,23.0319425658862
87,c,Salinity,1,5,70,1.392480427,0.5806451613,1,23.6284952426184
88,b,Ctrl,0,14,25,0.5969923077,0.5,2,24.0064030435375
89,c,All_in,5,5,70,0.7117885305,0.5862068965999999,1e-16,23.5420404722747
90,b,Copper,1,7,60,0.9797003546,0.4375,1e-16,23.6974219866758
91,a,Surfactant,1,2,85,0.9923210332,0.7333333333000001,1e-16,23.5559391840022
92,a,Copper,1,1,90,1.08286194,0.4848484848,2,23.5311047518494
93,c,Surfactant,1,10,45,0.7134684015,0.6206896552,2,23.5016673266583
94,c,Salinity,1,3,80,1.142947471,0.5806451613,1e-16,23.2875200413313
95,c,All_in,5,3,80,1.000918728,0.4848484848,1e-16,23.3519759162878
96,b,All_in,5,3,80,1.042370787,0.4838709677,1e-16,23.4193740992313
97,a,All_in,5,3,80,0.8325264151,0.6,1,23.5760385267996
98,b,Surfactant,1,1,90,1.122051923,0.42424242419999997,1,23.4734682333809
99,c,All_in,5,11,40,0.640677193,0.5,2,23.9268411497096
100,a,Copper,1,7,60,1.052125874,0.53125,1e-16,23.5706668195685
101,b,All_in,5,11,40,0.7573139159,0.5714285713999999,3,23.5961787671353
102,a,Ctrl,0,5,70,0.5294634146,0.32258064519999996,1e-16,23.3845693128874
103,c,Surfactant,1,11,40,0.6525897887,0.3939393939,4,23.4637844618579
104,c,Nitrogen,1,15,20,0.5580347222,0.2941176471,5,23.8012183878156
105,a,Ctrl,0,6,65,0.5313811475,0.1875,1e-16,23.6058953968855
106,b,µPlastic,1,8,55,1.131501767,0.5517241379,1e-16,23.8067526813986
107,c,All_in,5,6,65,1.29927957,0.5666666667,4,23.3286077288227
108,b,Copper,1,15,20,0.5781040956,0.6551724138,6,23.3898075083081
109,a,Nitrogen,1,11,40,0.6929270833,0.5,2,23.6059130726412
110,c,Nitrogen,1,6,65,1.423813406,0.5483870968,1,23.4819598940556
111,a,Salinity,1,12,35,0.6923498294,0.7,1,23.7956183424455
112,c,Salinity,1,2,85,1.033692308,0.3548387097,1e-16,23.4892465254234
113,b,Nitrogen,1,6,65,1.618784173,0.625,2,23.8424148632331
114,c,Copper,1,2,85,1.110535714,0.5294117647000001,1e-16,23.7726538580812
115,a,All_in,5,9,50,0.976875,0.6,2,23.751688320776
116,a,µPlastic,1,13,30,0.5755699659,0.4117647059,4,23.8573997766613
117,b,Nitrogen,1,11,40,0.6271921708,0.46875,1,23.7940410832485
118,b,Copper,1,10,45,0.7081609589,0.4545454545,1e-16,23.6889399910724
119,b,Ctrl,0,11,40,0.7259648438,0.5294117647000001,2,23.4851226188
120,b,µPlastic,1,3,80,0.8592175439,0.6,1e-16,23.4105403575819
121,b,µPlastic,1,5,70,1.061515517,0.46875,1,23.6093070616702
122,a,Copper,1,8,55,0.995421147,0.35294117649999995,1e-16,23.7082987997624
123,a,µPlastic,1,5,70,0.8806837456,0.5294117647000001,1e-16,23.1501956974933
124,c,Ctrl,0,13,30,0.658527972,0.4375,3,22.6861545618793
125,b,Copper,1,11,40,0.6306701031,0.6875,3,23.8542560222487
126,b,Surfactant,1,12,35,0.6428881119,0.46875,2,23.6571021748352
127,c,µPlastic,1,14,25,0.5871797945,0.42424242419999997,5,23.5976045098935
128,b,Surfactant,1,2,85,0.9995660377,0.3235294118,1,23.5250661734926
129,b,Surfactant,1,6,65,1.391108696,0.724137931,1e-16,23.3755997251733
130,c,Copper,1,6,65,1.120442238,0.45161290319999997,1e-16,23.7243478479128
131,b,Copper,1,9,50,0.8355214286,0.46666666669999995,1e-16,23.4747739196335
132,c,µPlastic,1,8,55,1.204365497,0.53125,1,23.3773204755432
133,c,Salinity,1,12,35,0.6791708185,0.5,5,23.5667109844006
134,a,Copper,1,11,40,0.6455195035,0.59375,1e-16,23.7725882152915
135,b,Ctrl,0,7,60,0.8240894309,0.46875,1e-16,23.7534415849696
136,b,Nitrogen,1,1,90,0.8728959108,0.5833333333,1,23.1921208122451
137,b,Salinity,1,10,45,0.7282152778,0.53125,1e-16,23.6799667420673
138,a,All_in,5,12,35,0.6010904437,0.4,2,23.2112238781109
139,a,Salinity,1,15,20,0.5826086207,0.4848484848,5,23.9192240967132
140,b,Ctrl,0,12,35,0.6010423077,0.42424242419999997,3,23.4865408546974
141,c,All_in,5,13,30,0.6442288136,0.53125,4,23.8525913788473
142,b,µPlastic,1,1,90,0.7601405109,0.3870967742,2,23.3612434049001
143,b,Nitrogen,1,12,35,0.6352037671,0.48,4,23.8828752298589
144,b,Surfactant,1,14,25,0.6125140351,0.5,4,23.631620015845
145,a,Nitrogen,1,6,65,1.508876344,0.4848484848,1,23.609253118194
146,a,Surfactant,1,3,80,1.042676786,0.4857142857,1e-16,23.4235125577726
147,c,µPlastic,1,2,85,0.7311487455,0.5357142857,1e-16,23.5986852074678
148,c,Copper,1,11,40,0.6513362676,0.44117647060000004,3,23.3649802305694
149,b,Copper,1,6,65,1.394327586,0.6451612903,1e-16,23.5595146144822
150,b,µPlastic,1,7,60,0.9500232143,0.5483870968,2,23.4707913340042
151,c,µPlastic,1,15,20,0.5680459184,0.6666666667,6,23.5034465075338
152,a,Ctrl,0,7,60,0.8303162393,0.4838709677,1e-16,23.5497289208374
153,c,Salinity,1,6,65,1.086632979,0.46875,1e-16,23.5783285407272
154,b,Nitrogen,1,5,70,1.20787963,0.6571428571,1,23.2641832956443
155,c,Ctrl,0,7,60,0.8810787402,0.4482758621,1e-16,23.5697641039478
156,c,Surfactant,1,8,55,1.206209507,0.53125,1,23.3883326113365
157,a,Ctrl,0,9,50,0.660875969,0.3870967742,1,23.5837864842873
158,a,Nitrogen,1,15,20,0.4956128472,0.35294117649999995,6,23.5197797594513
159,a,Surfactant,1,11,40,0.7237890071,0.5517241379,2,23.5304126267159
160,c,Salinity,1,13,30,0.5941849315,0.46666666669999995,4,23.5229347881805
161,a,Nitrogen,1,14,25,0.561346831,0.35294117649999995,2,23.4691267119059
162,c,All_in,5,8,55,1.201774476,0.5428571429,2,23.6412782006613
163,b,Salinity,1,1,90,0.7172593284,0.4117647059,2,23.5934366962898
164,c,µPlastic,1,7,60,1.116140288,0.53125,2,23.5618648956628
165,c,Nitrogen,1,5,70,1.109286765,0.42424242419999997,1e-16,23.3413906704091
166,a,Copper,1,14,25,0.485681338,0.4838709677,6,23.8628591207607
167,b,Surfactant,1,5,70,1.224630357,0.5483870968,1e-16,23.480440936574
168,c,µPlastic,1,4,75,1.064510676,0.5862068965999999,1,23.2046654101261
169,b,All_in,5,8,55,0.9478701754,0.6451612903,2,23.7206089942031
170,a,Surfactant,1,12,35,0.6693137931,0.53125,4,23.6904653379166
171,b,Nitrogen,1,15,20,0.6348270548,0.4848484848,5,23.9049276488685
172,b,µPlastic,1,2,85,0.7063631387,0.6,1e-16,23.1576064293984
173,c,Surfactant,1,6,65,1.072129964,0.3939393939,1e-16,23.4492833979797
174,a,µPlastic,1,3,80,0.891682971,0.5806451613,1e-16,23.1845365852598
175,b,All_in,5,6,65,1.170503497,0.59375,1e-16,23.6705644045487
176,c,Nitrogen,1,11,40,0.6453706897,0.46875,2,23.4636482442454
177,b,All_in,5,1,90,0.7168291367,0.40625,2,23.2764363761828
178,a,Ctrl,0,3,80,0.4902142857,0.34375,1e-16,23.3683209313612
179,b,Ctrl,0,6,65,0.7392076271,0.3666666667,1e-16,23.607715424133
180,a,Salinity,1,8,55,0.9861571429,0.5161290323,1e-16,23.6114109828057
181,b,Copper,1,14,25,0.6397825342,0.375,5,23.7172552141895
182,a,µPlastic,1,15,20,0.5646729452,0.42424242419999997,4,23.7074623716916
183,c,Ctrl,0,6,65,0.6980263158,0.34375,1e-16,23.5158881790275
184,a,Nitrogen,1,8,55,0.88195,0.59375,1e-16,23.460782635097
185,c,Nitrogen,1,9,50,0.8962522936,0.6129032258,1,23.2155818724626
186,a,All_in,5,8,55,0.9120283688,0.5666666667,2,23.4241102164287
187,c,Nitrogen,1,8,55,1.223740143,0.5483870968,1,NA
188,c,All_in,5,12,35,0.6744724138,0.3939393939,4,23.6069864527777
189,c,Ctrl,0,15,20,0.5947463235,0.6,5,23.7596521802334
190,b,Surfactant,1,10,45,0.744625,0.4545454545,2,23.6579928305966
191,a,µPlastic,1,9,50,0.8148506944,0.4838709677,1,23.5176582297683
192,c,Salinity,1,8,55,1.004695122,0.5483870968,2,23.4626483726095
193,b,Nitrogen,1,10,45,0.7031027875,0.4545454545,2,23.5916806462539
194,b,µPlastic,1,13,30,0.5213847458,0.34375,5,23.431877640883
195,c,µPlastic,1,6,65,1.07330036,0.65625,1,23.1191684247633
196,b,All_in,5,4,75,1.027721519,0.4482758621,2,23.5035270276909
197,c,Copper,1,13,30,0.6568229167,0.6666666667,3,23.5944806228684
198,a,Salinity,1,3,80,1.045830935,0.5517241379,1e-16,23.2449303906316
199,b,Ctrl,0,5,70,0.4601666667,0.2424242424,2,23.4638074865201
200,c,Nitrogen,1,12,35,0.5885625,0.45161290319999997,5,23.4280262680377
201,a,All_in,5,10,45,0.6755526316,0.4375,2,23.2211220393375
202,c,All_in,5,14,25,0.4715704698,0.25,4,23.8625246147091
203,c,Nitrogen,1,3,80,1.054066914,0.3055555556,2,23.2829623250865
204,a,All_in,5,11,40,0.6186346863,0.46875,3,23.2589230537428
205,b,Salinity,1,7,60,1.088949821,0.5294117647000001,1e-16,23.3823795506752
206,a,Salinity,1,14,25,0.5679773519,0.6129032258,5,23.5703335521304
207,a,All_in,5,15,20,0.5638681507,0.4838709677,5,23.7515702176165
208,b,All_in,5,7,60,0.7564907407,0.5454545455,3,23.6017680621272
209,a,Copper,1,4,75,1.055998208,0.5806451613,1e-16,23.5390436399177
210,c,µPlastic,1,3,80,0.859360424,0.33333333330000003,1e-16,23.5060535135965
211,c,Copper,1,8,55,0.9038951049,0.4375,2,23.5183907480753
212,a,Ctrl,0,13,30,0.5857153846,0.48275862070000003,3,23.7490798954467
213,c,All_in,5,7,60,1.191771429,0.4838709677,1e-16,23.6095677730862
214,a,Ctrl,0,4,75,0.4235607477,0.375,1e-16,23.536405492122
215,c,Nitrogen,1,10,45,0.7936888112,0.5,3,23.3306205453617
216,b,Salinity,1,8,55,1.168338596,0.5,1e-16,23.5075361089147
217,c,µPlastic,1,12,35,0.6534161074,0.2666666667,4,23.4621868292891
218,b,Copper,1,5,70,1.008527473,0.625,1e-16,23.7427225851246
219,c,Ctrl,0,11,40,0.7086330645,0.5625,3,23.7325858094998
220,a,Nitrogen,1,3,80,1.123628159,0.44117647060000004,1,23.2577726290488
221,b,All_in,5,13,30,0.5266471572,0.3421052632,5,23.8181768908208
222,a,All_in,5,1,90,0.5637921569,0.5714285713999999,2,23.6517630935749
223,b,Salinity,1,15,20,0.7045909091,0.5,5,23.5444325760139
224,a,All_in,5,4,75,1.071034799,0.6,1,23.6063778900842
225,a,Ctrl,0,10,45,0.7030073529,0.3939393939,4,23.6971558058374
226,c,Copper,1,12,35,0.6535532646,0.4838709677,4,23.6627814530286
227,c,µPlastic,1,5,70,0.6930982759,0.6785714286,1e-16,23.6155356718815
228,c,Ctrl,0,1,90,0.4863472222,0.45161290319999997,2,23.3450326954819
229,a,Surfactant,1,14,25,0.5998686869,0.5625,4,23.6026560419798
230,c,Ctrl,0,2,85,0.4469954128,0.45161290319999997,2,23.3169526922556
231,a,Surfactant,1,10,45,0.6479516129,0.5517241379,1,23.7021201032216
232,c,Salinity,1,10,45,0.7242031802,0.4838709677,1,23.5580159900287
233,c,µPlastic,1,10,45,0.6812195122,0.7037037037,3,23.6462517505485
234,c,All_in,5,10,45,0.6685360825,0.4193548387,3,23.8469990485046
235,a,µPlastic,1,4,75,0.6298708487,0.33333333330000003,5,23.6270481995322
236,a,µPlastic,1,14,25,0.6337508475,0.5,5,23.7553361564583
237,c,Ctrl,0,12,35,0.5427961538,0.4193548387,1e-16,23.5775882132271
238,b,µPlastic,1,15,20,0.6397174658,0.7941176471,3,NA
239,c,Surfactant,1,7,60,1.063630282,0.625,1e-16,23.6716765618059
240,a,Surfactant,1,7,60,1.070842857,0.4,1e-16,23.5331921372127
241,a,Ctrl,0,8,55,0.9860447154,0.45161290319999997,1e-16,23.5749189498695
242,c,Copper,1,10,45,0.6790605536,0.6,4,23.5879411913078
243,b,All_in,5,5,70,0.5849908425,0.3939393939,1e-16,23.8340195965882
244,c,Surfactant,1,4,75,0.8768810409,0.5172413793,4,23.3542850923917
245,c,All_in,5,1,90,0.8309719101,0.375,2,23.4287635351698
246,c,Salinity,1,4,75,0.9222166667,0.5161290323,1,23.4034413999406
247,b,All_in,5,12,35,0.6326728814,0.5625,4,23.8316589854393
248,c,µPlastic,1,11,40,0.69276,0.5,5,23.6843439655762
249,b,Ctrl,0,13,30,0.638093985,0.3636363636,5,23.5953498921519
250,c,Surfactant,1,15,20,0.5524047619,0.4,4,23.5401441087866
251,a,Ctrl,0,11,40,0.6241192308,0.5,4,23.6659246495756
252,a,µPlastic,1,2,85,0.7789566787,0.5161290323,2,23.3702541622656
253,b,Nitrogen,1,13,30,0.6577193878,0.46875,5,23.7124771423117
254,b,All_in,5,2,85,0.8960072993,0.6333333333,2,23.5896243034424
255,b,µPlastic,1,10,45,0.7065050847,0.5333333333,3,23.7756066241371
257,b,µPlastic,1,4,75,1.043381206,0.3939393939,1e-16,23.7252362267929
258,b,Surfactant,1,15,20,0.5238986014,0.3421052632,5,23.4907066599609
259,b,Nitrogen,1,2,85,1.09547191,0.4545454545,4,23.5628476152422
260,c,Ctrl,0,10,45,0.535144,0.45161290319999997,2,23.4902755387881
261,c,All_in,5,2,85,0.7177683824,0.36111111110000005,1e-16,23.6329009658034
262,b,Copper,1,8,55,1.082548043,0.5,1e-16,23.6666560933209
263,b,All_in,5,10,45,0.7395,0.6129032258,2,23.5959443385907
264,c,µPlastic,1,13,30,0.6490858586,0.4375,5,23.6572473788612
265,b,Nitrogen,1,7,60,0.9369805654,0.5151515152,1e-16,23.4084342971151
266,c,Nitrogen,1,4,75,0.9856574074,0.4838709677,1e-16,23.6258006479708
267,b,Copper,1,1,90,0.9491509434,0.5806451613,1e-16,23.6293826973115
268,c,All_in,5,9,50,1.002206522,0.6060606061,2,23.6980686462805
269,b,Salinity,1,12,35,0.6160489865,0.5,3,23.4644154066871
270,c,Ctrl,0,3,80,0.6105854701,0.5714285713999999,1,23.583198983523
271,a,µPlastic,1,10,45,0.7220324232,0.4375,1,23.3941113912981
272,b,Ctrl,0,10,45,0.5278398438,0.53125,3,23.4101690266943
273,c,Ctrl,0,4,75,0.5534190476,0.4193548387,1e-16,23.6772791693222
274,c,All_in,5,4,75,1.189667832,0.4375,1,23.9453513342565
275,b,Ctrl,0,8,55,0.6969637681,0.5161290323,2,23.4009221053245
276,b,Copper,1,2,85,1.131251852,0.5161290323,1e-16,23.4253125617088
277,a,Nitrogen,1,2,85,1.001448339,0.40625,1,NA
278,a,Nitrogen,1,10,45,1.274846591,0.4838709677,3,23.2112908907325
279,a,Nitrogen,1,4,75,1.166528269,0.45161290319999997,2,23.6461803468312
280,c,Ctrl,0,9,50,0.6169230769,0.5483870968,1e-16,23.8008831525195
281,c,All_in,5,15,20,0.6377038328,0.45161290319999997,5,23.723888525115
282,c,Salinity,1,14,25,0.5616837456,0.5333333333,3,23.3327587037459
283,a,Copper,1,5,70,1.048730916,0.375,1e-16,23.7560442995533
284,a,µPlastic,1,12,35,0.6692972973,0.5333333333,4,23.5442254392177
285,b,Surfactant,1,4,75,1.043653285,0.33333333330000003,1e-16,23.5351490881558
286,b,Salinity,1,2,85,0.8862313433,0.23333333329999997,1e-16,23.4794913085419
287,b,Ctrl,0,1,90,0.4256584158,0.5517241379,1e-16,23.8416198502801
288,a,Nitrogen,1,12,35,0.6449634146,0.5806451613,4,23.2073583978246
289,b,Copper,1,3,80,1.062669742,0.4838709677,1e-16,23.6022853094985
290,a,Salinity,1,7,60,1.26362543,0.5172413793,1,23.9215749811579
291,a,Ctrl,0,14,25,0.6445735294,0.5161290323,5,23.4483670128855
292,b,Salinity,1,9,50,0.8013615917,0.5172413793,4,23.6863124086546
293,a,Ctrl,0,1,90,0.5453772727,0.40625,1,23.6510787958224
294,c,Nitrogen,1,13,30,0.5550135593,0.4375,4,23.7545123838924
295,c,Copper,1,15,20,0.6594486301,0.5,5,23.6470726235677
296,a,µPlastic,1,11,40,0.603164311,0.5454545455,5,23.7738499620055
297,b,Nitrogen,1,3,80,0.9262392857,0.4838709677,1e-16,NA
298,b,All_in,5,15,20,0.6034895833,0.375,5,23.4072464111216
299,a,Ctrl,0,2,85,0.4832478992,0.53125,1e-16,23.5997180010957
300,b,Salinity,1,5,70,0.84796223019999994,0.46666666669999995,1e-16,23.7760050191284
301,a,Ctrl,0,12,35,0.6002740741,0.41666666669999997,2,23.4695404598664
302,a,µPlastic,1,1,90,0.6611014493,0.5,2,23.5587886013139
303,c,Nitrogen,1,7,60,0.8226768953,0.45161290319999997,2,23.5169158459933
304,c,Surfactant,1,9,50,0.86715,0.41666666669999997,2,23.4666391771131
305,a,Salinity,1,2,85,0.9757633588,0.5,1e-16,23.6005196365575
306,c,Salinity,1,15,20,0.5983737024,0.625,4,23.8732139444902
307,a,Copper,1,9,50,0.7210804795,0.9310344827999999,1,23.7035888938469
308,b,Copper,1,12,35,0.597665493,0.5517241379,5,23.1681692653077
309,c,Nitrogen,1,2,85,1.011784644,0.6129032258,1e-16,23.5875472222774
310,c,Copper,1,3,80,1.207604779,0.5757575758,1e-16,23.5503104326131
311,c,Surfactant,1,5,70,1.291564576,0.40625,1e-16,23.5900623887226
312,a,Copper,1,15,20,0.5700034722,0.4,4,23.5177791561986
313,b,µPlastic,1,12,35,0.5943973064,0.4857142857,5,23.6425293870765
314,c,Surfactant,1,13,30,0.5670436242,0.75,5,23.6966376183579
315,b,Ctrl,0,9,50,0.660388,0.5666666667,1e-16,23.5284778438524
256,c,Copper,1,1,90,0.9350992647,0.42424242419999997,1e-16,23.6232653933619
