potID,treatment,moistureL,whc,replicate,WSA
1,sdbs,8,55,a,61.29032258
2,sdbs,12,35,c,58.62068966
3,sdbs,3,80,b,50
4,mp,9,50,c,43.75
5,mp,7,60,a,54.83870968
6,nacl,11,40,b,57.57575758
7,nacl,3,80,b,54.83870968
8,cu,3,80,a,40.625
9,ctrl,15,20,b,64.1025641
10,cu,13,30,b,41.17647059
11,sdbs,14,25,c,58.06451613
12,all,2,85,a,51.61290323
13,sdbs,5,70,a,51.51515152
14,nacl,9,50,c,41.17647059
15,mp,1,90,c,52.94117647
16,all,14,25,a,46.875
17,cu,10,45,a,51.51515152
18,sdbs,1,90,c,38.70967742
19,cu,9,50,c,56.66666667
20,ctrl,4,75,b,15.625
21,n,14,25,c,65.51724138
22,nacl,14,25,b,34.28571429
23,n,7,60,a,56.25
24,n,4,75,b,43.33333333
25,cu,2,85,a,44.44444444
26,n,9,50,b,56.66666667
27,ctrl,3,80,b,25
28,cu,7,60,c,50
29,sdbs,2,85,c,61.29032258
30,n,1,90,a,46.875
31,sdbs,4,75,a,44.11764706
32,cu,14,25,c,56.25
33,nacl,13,30,a,48.38709677
34,nacl,13,30,b,43.75
35,sdbs,6,65,a,46.66666667
36,mp,11,40,b,56.66666667
37,n,14,25,b,45.45454545
38,nacl,6,65,b,43.75
39,all,6,65,a,85.71428571
40,sdbs,1,90,a,34.375
41,ctrl,8,55,c,53.125
42,nacl,4,75,b,67.74193548
43,cu,13,30,a,28.57142857
44,all,13,30,a,33.33333333
45,sdbs,8,55,b,90.32258065
46,n,5,70,a,48.38709677
47,sdbs,9,50,b,54.54545455
48,nacl,11,40,c,45.45454545
49,nacl,4,75,a,53.33333333
50,nacl,11,40,a,51.51515152
51,cu,4,75,b,37.14285714
52,mp,8,55,a,90.32258065
53,sdbs,3,80,c,46.66666667
54,n,13,30,a,54.83870968
55,nacl,6,65,a,74.19354839
56,mp,6,65,b,93.5483871
57,sdbs,11,40,b,53.125
58,all,14,25,b,44.11764706
59,cu,4,75,c,42.42424242
60,n,1,90,c,59.375
61,n,8,55,b,61.29032258
62,sdbs,13,30,b,56.66666667
63,all,7,60,a,43.75
64,ctrl,14,25,c,45.16129032
65,all,5,70,a,54.83870968
66,all,9,50,b,50
67,ctrl,5,70,c,29.03225806
68,n,9,50,a,48.38709677
69,cu,6,65,a,53.125
70,nacl,1,90,c,46.875
71,sdbs,9,50,a,61.76470588
72,mp,9,50,b,54.83870968
73,nacl,9,50,a,54.83870968
74,sdbs,15,20,a,58.82352941
75,mp,14,25,b,41.17647059
76,nacl,5,70,a,68.75
77,ctrl,2,85,b,53.33333333
78,mp,6,65,a,54.54545455
79,nacl,10,45,a,40
80,cu,5,70,c,50
81,cu,12,35,a,48.38709677
82,sdbs,7,60,b,63.33333333
83,nacl,7,60,c,50
84,ctrl,15,20,a,35.48387097
85,sdbs,13,30,a,43.75
86,nacl,1,90,a,34.375
87,nacl,5,70,c,58.06451613
88,ctrl,14,25,b,50
89,all,5,70,c,58.62068966
90,cu,7,60,b,43.75
91,sdbs,2,85,a,73.33333333
92,cu,1,90,a,48.48484848
93,sdbs,10,45,c,62.06896552
94,nacl,3,80,c,58.06451613
95,all,3,80,c,48.48484848
96,all,3,80,b,48.38709677
97,all,3,80,a,60
98,sdbs,1,90,b,42.42424242
99,all,11,40,c,50
100,cu,7,60,a,53.125
101,all,11,40,b,57.14285714
102,ctrl,5,70,a,32.25806452
103,sdbs,11,40,c,39.39393939
104,n,15,20,c,29.41176471
105,ctrl,6,65,a,18.75
106,mp,8,55,b,55.17241379
107,all,6,65,c,56.66666667
108,cu,15,20,b,65.51724138
109,n,11,40,a,50
110,n,6,65,c,54.83870968
111,nacl,12,35,a,70
112,nacl,2,85,c,35.48387097
113,n,6,65,b,62.5
114,cu,2,85,c,52.94117647
115,all,9,50,a,60
116,mp,13,30,a,41.17647059
117,n,11,40,b,46.875
118,cu,10,45,b,45.45454545
119,ctrl,11,40,b,52.94117647
120,mp,3,80,b,60
121,mp,5,70,b,46.875
122,cu,8,55,a,35.29411765
123,mp,5,70,a,52.94117647
124,ctrl,13,30,c,43.75
125,cu,11,40,b,68.75
126,sdbs,12,35,b,46.875
127,mp,14,25,c,42.42424242
128,sdbs,2,85,b,32.35294118
129,sdbs,6,65,b,72.4137931
130,cu,6,65,c,45.16129032
131,cu,9,50,b,46.66666667
132,mp,8,55,c,53.125
133,nacl,12,35,c,50
134,cu,11,40,a,59.375
135,ctrl,7,60,b,46.875
136,n,1,90,b,58.33333333
137,nacl,10,45,b,53.125
138,all,12,35,a,40
139,nacl,15,20,a,48.48484848
140,ctrl,12,35,b,42.42424242
141,all,13,30,c,53.125
142,mp,1,90,b,38.70967742
143,n,12,35,b,48
144,sdbs,14,25,b,50
145,n,6,65,a,48.48484848
146,sdbs,3,80,a,48.57142857
147,mp,2,85,c,53.57142857
148,cu,11,40,c,44.11764706
149,cu,6,65,b,64.51612903
150,mp,7,60,b,54.83870968
151,mp,15,20,c,66.66666667
152,ctrl,7,60,a,48.38709677
153,nacl,6,65,c,46.875
154,n,5,70,b,65.71428571
155,ctrl,7,60,c,44.82758621
156,sdbs,8,55,c,53.125
157,ctrl,9,50,a,38.70967742
158,n,15,20,a,35.29411765
159,sdbs,11,40,a,55.17241379
160,nacl,13,30,c,46.66666667
161,n,14,25,a,35.29411765
162,all,8,55,c,54.28571429
163,nacl,1,90,b,41.17647059
164,mp,7,60,c,53.125
165,n,5,70,c,42.42424242
166,cu,14,25,a,48.38709677
167,sdbs,5,70,b,54.83870968
168,mp,4,75,c,58.62068966
169,all,8,55,b,64.51612903
170,sdbs,12,35,a,53.125
171,n,15,20,b,48.48484848
172,mp,2,85,b,60
173,sdbs,6,65,c,39.39393939
174,mp,3,80,a,58.06451613
175,all,6,65,b,59.375
176,n,11,40,c,46.875
177,all,1,90,b,40.625
178,ctrl,3,80,a,34.375
179,ctrl,6,65,b,36.66666667
180,nacl,8,55,a,51.61290323
181,cu,14,25,b,37.5
182,mp,15,20,a,42.42424242
183,ctrl,6,65,c,34.375
184,n,8,55,a,59.375
185,n,9,50,c,61.29032258
186,all,8,55,a,56.66666667
187,n,8,55,c,54.83870968
188,all,12,35,c,39.39393939
189,ctrl,15,20,c,60
190,sdbs,10,45,b,45.45454545
191,mp,9,50,a,48.38709677
192,nacl,8,55,c,54.83870968
193,n,10,45,b,45.45454545
194,mp,13,30,b,34.375
195,mp,6,65,c,65.625
196,all,4,75,b,44.82758621
197,cu,13,30,c,66.66666667
198,nacl,3,80,a,55.17241379
199,ctrl,5,70,b,24.24242424
200,n,12,35,c,45.16129032
201,all,10,45,a,43.75
202,all,14,25,c,25
203,n,3,80,c,30.55555556
204,all,11,40,a,46.875
205,nacl,7,60,b,52.94117647
206,nacl,14,25,a,61.29032258
207,all,15,20,a,48.38709677
208,all,7,60,b,54.54545455
209,cu,4,75,a,58.06451613
210,mp,3,80,c,33.33333333
211,cu,8,55,c,43.75
212,ctrl,13,30,a,48.27586207
213,all,7,60,c,48.38709677
214,ctrl,4,75,a,37.5
215,n,10,45,c,50
216,nacl,8,55,b,50
217,mp,12,35,c,26.66666667
218,cu,5,70,b,62.5
219,ctrl,11,40,c,56.25
220,n,3,80,a,44.11764706
221,all,13,30,b,34.21052632
222,all,1,90,a,57.14285714
223,nacl,15,20,b,50
224,all,4,75,a,60
225,ctrl,10,45,a,39.39393939
226,cu,12,35,c,48.38709677
227,mp,5,70,c,67.85714286
228,ctrl,1,90,c,45.16129032
229,sdbs,14,25,a,56.25
230,ctrl,2,85,c,45.16129032
231,sdbs,10,45,a,55.17241379
232,nacl,10,45,c,48.38709677
233,mp,10,45,c,70.37037037
234,all,10,45,c,41.93548387
235,mp,4,75,a,33.33333333
236,mp,14,25,a,50
237,ctrl,12,35,c,41.93548387
238,mp,15,20,b,79.41176471
239,sdbs,7,60,c,62.5
240,sdbs,7,60,a,40
241,ctrl,8,55,a,45.16129032
242,cu,10,45,c,60
243,all,5,70,b,39.39393939
244,sdbs,4,75,c,51.72413793
245,all,1,90,c,37.5
246,nacl,4,75,c,51.61290323
247,all,12,35,b,56.25
248,mp,11,40,c,50
249,ctrl,13,30,b,36.36363636
250,sdbs,15,20,c,40
251,ctrl,11,40,a,50
252,mp,2,85,a,51.61290323
253,n,13,30,b,46.875
254,all,2,85,b,63.33333333
255,mp,10,45,b,53.33333333
257,sdbs,15,20,b,39.39393939
258,n,2,85,b,34.21052632
259,ctrl,10,45,c,45.45454545
260,all,2,85,c,45.16129032
261,cu,8,55,b,36.11111111
262,all,10,45,b,50
263,mp,13,30,c,61.29032258
264,n,7,60,b,43.75
265,n,4,75,c,51.51515152
266,cu,1,90,b,48.38709677
267,all,9,50,c,58.06451613
268,nacl,12,35,b,60.60606061
269,ctrl,3,80,c,50
270,mp,10,45,a,57.14285714
271,ctrl,10,45,b,43.75
272,ctrl,4,75,c,53.125
273,all,4,75,c,41.93548387
274,ctrl,8,55,b,43.75
275,cu,2,85,b,51.61290323
276,n,2,85,a,51.61290323
277,n,10,45,a,40.625
278,n,4,75,a,48.38709677
279,ctrl,9,50,c,45.16129032
280,all,15,20,c,54.83870968
281,nacl,14,25,c,45.16129032
282,cu,5,70,a,53.33333333
283,mp,12,35,a,37.5
284,sdbs,4,75,b,53.33333333
285,nacl,2,85,b,33.33333333
286,ctrl,1,90,b,23.33333333
287,n,12,35,a,55.17241379
288,cu,3,80,b,58.06451613
289,nacl,7,60,a,48.38709677
290,ctrl,14,25,a,51.72413793
291,nacl,9,50,b,51.61290323
292,ctrl,1,90,a,51.72413793
293,n,13,30,c,40.625
294,cu,15,20,c,43.75
295,mp,11,40,a,50
296,n,3,80,b,54.54545455
297,all,15,20,b,48.38709677
298,ctrl,2,85,a,37.5
299,nacl,5,70,b,53.125
300,ctrl,12,35,a,46.66666667
301,mp,1,90,a,41.66666667
302,n,7,60,c,50
303,sdbs,9,50,c,45.16129032
304,nacl,2,85,a,41.66666667
305,nacl,15,20,c,50
306,cu,9,50,a,62.5
307,cu,12,35,b,93.10344828
308,n,2,85,c,55.17241379
309,cu,3,80,c,61.29032258
310,sdbs,5,70,c,57.57575758
311,cu,15,20,a,40.625
312,mp,12,35,b,40
313,sdbs,13,30,c,48.57142857
314,ctrl,9,50,b,75
315,cu,1,90,c,56.66666667
256,mp,4,75,b,42.42424242
